Players,Flags
C. Alcaraz [1],https://gstatic.olympics.com/s3/noc/oly/3x2/ESP.png
T. Atmane,https://gstatic.olympics.com/s3/noc/oly/3x2/FRA.png
J. Cerundolo,https://gstatic.olympics.com/s3/noc/oly/3x2/ARG.png
V. Vacherot [24],https://gstatic.olympics.com/s3/noc/oly/3x2/MON.png
N. Borges,https://gstatic.olympics.com/s3/noc/oly/3x2/POR.png
A. Shevchenko,https://gstatic.olympics.com/s3/noc/oly/3x2/KAZ.png
A. Bublik [10],https://gstatic.olympics.com/s3/noc/oly/3x2/KAZ.png
M. Zheng [WC],https://gstatic.olympics.com/s3/noc/oly/3x2/USA.png
F. Maestrelli [Q],https://gstatic.olympics.com/s3/noc/oly/3x2/ITA.png
C. Norrie [27],https://gstatic.olympics.com/s3/noc/oly/3x2/GBR.png
M. Arnaldi,https://gstatic.olympics.com/s3/noc/oly/3x2/ITA.png
S. Korda,https://gstatic.olympics.com/s3/noc/oly/3x2/USA.png
N. Djokovic [3],https://gstatic.olympics.com/s3/noc/oly/3x2/SRB.png
K. Majchrzak,https://gstatic.olympics.com/s3/noc/oly/3x2/POL.png
H. Hurkacz,https://gstatic.olympics.com/s3/noc/oly/3x2/POL.png
F. Cerundolo [19],https://gstatic.olympics.com/s3/noc/oly/3x2/ARG.png
V. Royer,https://gstatic.olympics.com/s3/noc/oly/3x2/FRA.png
F. Marozsan,https://gstatic.olympics.com/s3/noc/oly/3x2/HUN.png
D. Medvedev [11],
A. Tabilo,https://gstatic.olympics.com/s3/noc/oly/3x2/CHI.png
C. Tseng [Q],https://gstatic.olympics.com/s3/noc/oly/3x2/TPE.png
U. Humbert [32],https://gstatic.olympics.com/s3/noc/oly/3x2/FRA.png
D. Merida [Q],https://gstatic.olympics.com/s3/noc/oly/3x2/ESP.png
J. Fearnley,https://gstatic.olympics.com/s3/noc/oly/3x2/GBR.png
L. Musetti [5],https://gstatic.olympics.com/s3/noc/oly/3x2/ITA.png
M. Fucsovics,https://gstatic.olympics.com/s3/noc/oly/3x2/HUN.png
D. Prizmic [Q],https://gstatic.olympics.com/s3/noc/oly/3x2/CRO.png
A. Rublev [17],
M. Bellucci,https://gstatic.olympics.com/s3/noc/oly/3x2/ITA.png
G. Monfils [WC],https://gstatic.olympics.com/s3/noc/oly/3x2/FRA.png
F. Cobolli [15],https://gstatic.olympics.com/s3/noc/oly/3x2/ITA.png
D. Altmaier,https://gstatic.olympics.com/s3/noc/oly/3x2/GER.png
J. Brooksby,https://gstatic.olympics.com/s3/noc/oly/3x2/USA.png
B. Nakashima [28],https://gstatic.olympics.com/s3/noc/oly/3x2/USA.png
C. Ugo Carabelli,https://gstatic.olympics.com/s3/noc/oly/3x2/ARG.png
M. Berrettini,https://gstatic.olympics.com/s3/noc/oly/3x2/ITA.png
B. Shelton [8],https://gstatic.olympics.com/s3/noc/oly/3x2/USA.png
R. Opelka,https://gstatic.olympics.com/s3/noc/oly/3x2/USA.png
Q. Halys,https://gstatic.olympics.com/s3/noc/oly/3x2/FRA.png
A. Davidovich Fokina [18],https://gstatic.olympics.com/s3/noc/oly/3x2/ESP.png
Z. Svajda [WC],https://gstatic.olympics.com/s3/noc/oly/3x2/USA.png
M. Navone,https://gstatic.olympics.com/s3/noc/oly/3x2/ARG.png
K. Khachanov [16],
J. Fonseca,https://gstatic.olympics.com/s3/noc/oly/3x2/BRA.png
Z. Bergs,https://gstatic.olympics.com/s3/noc/oly/3x2/BEL.png
T. Etcheverry [29],https://gstatic.olympics.com/s3/noc/oly/3x2/ARG.png
S. Tsitsipas,https://gstatic.olympics.com/s3/noc/oly/3x2/GRE.png
D. Svrcina [Q],https://gstatic.olympics.com/s3/noc/oly/3x2/CZE.png
G. Dimitrov,https://gstatic.olympics.com/s3/noc/oly/3x2/BUL.png
B. Van De Zandschulp,https://gstatic.olympics.com/s3/noc/oly/3x2/NED.png
A. Rinderknech [26],https://gstatic.olympics.com/s3/noc/oly/3x2/FRA.png
E. Nava,https://gstatic.olympics.com/s3/noc/oly/3x2/USA.png
Shimabukuro S. [Q],https://gstatic.olympics.com/s3/noc/oly/3x2/JPN.png
C. Ruud [13],https://gstatic.olympics.com/s3/noc/oly/3x2/NOR.png
V. Kopriva [LL],https://gstatic.olympics.com/s3/noc/oly/3x2/CZE.png
R. Hijikata [Q],https://gstatic.olympics.com/s3/noc/oly/3x2/AUS.png
L. Darderi [20],https://gstatic.olympics.com/s3/noc/oly/3x2/ITA.png
M. Mcdonald [Q],https://gstatic.olympics.com/s3/noc/oly/3x2/USA.png
F. Comesana,https://gstatic.olympics.com/s3/noc/oly/3x2/ARG.png
A. De Minaur [6],https://gstatic.olympics.com/s3/noc/oly/3x2/AUS.png
G. Mpetshi Perricard,https://gstatic.olympics.com/s3/noc/oly/3x2/FRA.png
A. Kovacevic,https://gstatic.olympics.com/s3/noc/oly/3x2/USA.png
C. Moutet [31],https://gstatic.olympics.com/s3/noc/oly/3x2/FRA.png
B. Bonzi [Q],https://gstatic.olympics.com/s3/noc/oly/3x2/FRA.png
R. Bautista Agut,https://gstatic.olympics.com/s3/noc/oly/3x2/ESP.png
J. Draper [14],https://gstatic.olympics.com/s3/noc/oly/3x2/GBR.png
R. Jodar [WC],https://gstatic.olympics.com/s3/noc/oly/3x2/ESP.png
S. Baez,https://gstatic.olympics.com/s3/noc/oly/3x2/ARG.png
J. Lehecka [22],https://gstatic.olympics.com/s3/noc/oly/3x2/CZE.png
A. Michelsen,https://gstatic.olympics.com/s3/noc/oly/3x2/USA.png
D. Dzumhur,https://gstatic.olympics.com/s3/noc/oly/3x2/BIH.png
T. Fritz [7],https://gstatic.olympics.com/s3/noc/oly/3x2/USA.png
C. O'connell [Q],https://gstatic.olympics.com/s3/noc/oly/3x2/AUS.png
T. Schoolkate [Q],https://gstatic.olympics.com/s3/noc/oly/3x2/AUS.png
A. Fils [30],https://gstatic.olympics.com/s3/noc/oly/3x2/FRA.png
G. Diallo,https://gstatic.olympics.com/s3/noc/oly/3x2/CAN.png
A. Galarneau [Q],https://gstatic.olympics.com/s3/noc/oly/3x2/CAN.png
F. Auger-aliassime [9],https://gstatic.olympics.com/s3/noc/oly/3x2/CAN.png
M. Kecmanovic,https://gstatic.olympics.com/s3/noc/oly/3x2/SRB.png
A. Popyrin,https://gstatic.olympics.com/s3/noc/oly/3x2/AUS.png
F. Tiafoe [21],https://gstatic.olympics.com/s3/noc/oly/3x2/USA.png
M. Damm [WC],https://gstatic.olympics.com/s3/noc/oly/3x2/USA.png
A. Mannarino,https://gstatic.olympics.com/s3/noc/oly/3x2/FRA.png
A. Zverev [4],https://gstatic.olympics.com/s3/noc/oly/3x2/GER.png
E. Quinn,https://gstatic.olympics.com/s3/noc/oly/3x2/USA.png
A. Walton,https://gstatic.olympics.com/s3/noc/oly/3x2/AUS.png
L. Tien [25],https://gstatic.olympics.com/s3/noc/oly/3x2/USA.png
M. Cilic,https://gstatic.olympics.com/s3/noc/oly/3x2/CRO.png
M. Giron,https://gstatic.olympics.com/s3/noc/oly/3x2/USA.png
J. Mensik [12],https://gstatic.olympics.com/s3/noc/oly/3x2/CZE.png
R. Collignon,https://gstatic.olympics.com/s3/noc/oly/3x2/BEL.png
J. Struff,https://gstatic.olympics.com/s3/noc/oly/3x2/GER.png
T. Paul [23],https://gstatic.olympics.com/s3/noc/oly/3x2/USA.png
D. Shapovalov,https://gstatic.olympics.com/s3/noc/oly/3x2/CAN.png
J. Duckworth,https://gstatic.olympics.com/s3/noc/oly/3x2/AUS.png
J. Sinner [2],https://gstatic.olympics.com/s3/noc/oly/3x2/ITA.png
