NOCs,Flags,,,,,,,,,,
AFG,https://gstatic.olympics.com/s3/noc/oly/3x2/AFG.png,,,,,,,,,,
ALB,https://gstatic.olympics.com/s3/noc/oly/3x2/ALB.png,,,,,,,,,,
ALG,https://gstatic.olympics.com/s3/noc/oly/3x2/ALG.png,,,,,,,,,,
ASA,https://gstatic.olympics.com/s3/noc/oly/3x2/ASA.png,,,,,,,,,,
AND,https://gstatic.olympics.com/s3/noc/oly/3x2/AND.png,,,,,,,,,,
ANG,https://gstatic.olympics.com/s3/noc/oly/3x2/ANG.png,,,,,,,,,,
ANT,https://gstatic.olympics.com/s3/noc/oly/3x2/ANT.png,,,,,,,,,,
ARG,https://gstatic.olympics.com/s3/noc/oly/3x2/ARG.png,,,,,,,,,,
ARM,https://gstatic.olympics.com/s3/noc/oly/3x2/ARM.png,,,,,,,,,,
ARU,https://gstatic.olympics.com/s3/noc/oly/3x2/ARU.png,,,,,,,,,,
AUS,https://gstatic.olympics.com/s3/noc/oly/3x2/AUS.png,,,,,,,,,,
AUT,https://gstatic.olympics.com/s3/noc/oly/3x2/AUT.png,,,,,,,,,,
AZE,https://gstatic.olympics.com/s3/noc/oly/3x2/AZE.png,,,,,,,,,,
BAH,https://gstatic.olympics.com/s3/noc/oly/3x2/BAH.png,,,,,,,,,,
BRN,https://gstatic.olympics.com/s3/noc/oly/3x2/BRN.png,,,,,,,,,,
BAN,https://gstatic.olympics.com/s3/noc/oly/3x2/BAN.png,,,,,,,,,,
BAR,https://gstatic.olympics.com/s3/noc/oly/3x2/BAR.png,,,,,,,,,,
BLR,https://gstatic.olympics.com/s3/noc/oly/3x2/BLR.png,,,,,,,,,,
BEL,https://gstatic.olympics.com/s3/noc/oly/3x2/BEL.png,,,,,,,,,,
BIZ,https://gstatic.olympics.com/s3/noc/oly/3x2/BIZ.png,,,,,,,,,,
BEN,https://gstatic.olympics.com/s3/noc/oly/3x2/BEN.png,,,,,,,,,,
BER,https://gstatic.olympics.com/s3/noc/oly/3x2/BER.png,,,,,,,,,,
BHU,https://gstatic.olympics.com/s3/noc/oly/3x2/BHU.png,,,,,,,,,,
BOL,https://gstatic.olympics.com/s3/noc/oly/3x2/BOL.png,,,,,,,,,,
BIH,https://gstatic.olympics.com/s3/noc/oly/3x2/BIH.png,,,,,,,,,,
BOT,https://gstatic.olympics.com/s3/noc/oly/3x2/BOT.png,,,,,,,,,,
BRA,https://gstatic.olympics.com/s3/noc/oly/3x2/BRA.png,,,,,,,,,,
IVB,https://gstatic.olympics.com/s3/noc/oly/3x2/IVB.png,,,,,,,,,,
BRU,https://gstatic.olympics.com/s3/noc/oly/3x2/BRU.png,,,,,,,,,,
BUL,https://gstatic.olympics.com/s3/noc/oly/3x2/BUL.png,,,,,,,,,,
BUR,https://gstatic.olympics.com/s3/noc/oly/3x2/BUR.png,,,,,,,,,,
BDI,https://gstatic.olympics.com/s3/noc/oly/3x2/BDI.png,,,,,,,,,,
CPV,https://gstatic.olympics.com/s3/noc/oly/3x2/CPV.png,,,,,,,,,,
CAM,https://gstatic.olympics.com/s3/noc/oly/3x2/CAM.png,,,,,,,,,,
CMR,https://gstatic.olympics.com/s3/noc/oly/3x2/CMR.png,,,,,,,,,,
CAN,https://gstatic.olympics.com/s3/noc/oly/3x2/CAN.png,,,,,,,,,,
CAY,https://gstatic.olympics.com/s3/noc/oly/3x2/CAY.png,,,,,,,,,,
CAF,https://gstatic.olympics.com/s3/noc/oly/3x2/CAF.png,,,,,,,,,,
CHA,https://gstatic.olympics.com/s3/noc/oly/3x2/CHA.png,,,,,,,,,,
CHI,https://gstatic.olympics.com/s3/noc/oly/3x2/CHI.png,,,,,,,,,,
CHN,https://gstatic.olympics.com/s3/noc/oly/3x2/CHN.png,,,,,,,,,,
TPE,https://gstatic.olympics.com/s3/noc/oly/3x2/TPE.png,,,,,,,,,,
COL,https://gstatic.olympics.com/s3/noc/oly/3x2/COL.png,,,,,,,,,,
COM,https://gstatic.olympics.com/s3/noc/oly/3x2/COM.png,,,,,,,,,,
CGO,https://gstatic.olympics.com/s3/noc/oly/3x2/CGO.png,,,,,,,,,,
COK,https://gstatic.olympics.com/s3/noc/oly/3x2/COK.png,,,,,,,,,,
CRC,https://gstatic.olympics.com/s3/noc/oly/3x2/CRC.png,,,,,,,,,,
CIV,https://gstatic.olympics.com/s3/noc/oly/3x2/CIV.png,,,,,,,,,,
CRO,https://gstatic.olympics.com/s3/noc/oly/3x2/CRO.png,,,,,,,,,,
CUB,https://gstatic.olympics.com/s3/noc/oly/3x2/CUB.png,,,,,,,,,,
CYP,https://gstatic.olympics.com/s3/noc/oly/3x2/CYP.png,,,,,,,,,,
CZE,https://gstatic.olympics.com/s3/noc/oly/3x2/CZE.png,,,,,,,,,,
DEN,https://gstatic.olympics.com/s3/noc/oly/3x2/DEN.png,,,,,,,,,,
DJI,https://gstatic.olympics.com/s3/noc/oly/3x2/DJI.png,,,,,,,,,,
DMA,https://gstatic.olympics.com/s3/noc/oly/3x2/DMA.png,,,,,,,,,,
DOM,https://gstatic.olympics.com/s3/noc/oly/3x2/DOM.png,,,,,,,,,,
ECU,https://gstatic.olympics.com/s3/noc/oly/3x2/ECU.png,,,,,,,,,,
EGY,https://gstatic.olympics.com/s3/noc/oly/3x2/EGY.png,,,,,,,,,,
ESA,https://gstatic.olympics.com/s3/noc/oly/3x2/ESA.png,,,,,,,,,,
GEQ,https://gstatic.olympics.com/s3/noc/oly/3x2/GEQ.png,,,,,,,,,,
ERI,https://gstatic.olympics.com/s3/noc/oly/3x2/ERI.png,,,,,,,,,,
EST,https://gstatic.olympics.com/s3/noc/oly/3x2/EST.png,,,,,,,,,,
SWZ,https://gstatic.olympics.com/s3/noc/oly/3x2/SWZ.png,,,,,,,,,,
ETH,https://gstatic.olympics.com/s3/noc/oly/3x2/ETH.png,,,,,,,,,,
FIJ,https://gstatic.olympics.com/s3/noc/oly/3x2/FIJ.png,,,,,,,,,,
FIN,https://gstatic.olympics.com/s3/noc/oly/3x2/FIN.png,,,,,,,,,,
FRA,https://gstatic.olympics.com/s3/noc/oly/3x2/FRA.png,,,,,,,,,,
GAB,https://gstatic.olympics.com/s3/noc/oly/3x2/GAB.png,,,,,,,,,,
GAM,https://gstatic.olympics.com/s3/noc/oly/3x2/GAM.png,,,,,,,,,,
GEO,https://gstatic.olympics.com/s3/noc/oly/3x2/GEO.png,,,,,,,,,,
GER,https://gstatic.olympics.com/s3/noc/oly/3x2/GER.png,,,,,,,,,,
GHA,https://gstatic.olympics.com/s3/noc/oly/3x2/GHA.png,,,,,,,,,,
GBR,https://gstatic.olympics.com/s3/noc/oly/3x2/GBR.png,,,,,,,,,,
GRE,https://gstatic.olympics.com/s3/noc/oly/3x2/GRE.png,,,,,,,,,,
GRN,https://gstatic.olympics.com/s3/noc/oly/3x2/GRN.png,,,,,,,,,,
GUM,https://gstatic.olympics.com/s3/noc/oly/3x2/GUM.png,,,,,,,,,,
GUA,https://gstatic.olympics.com/s3/noc/oly/3x2/GUA.png,,,,,,,,,,
GUI,https://gstatic.olympics.com/s3/noc/oly/3x2/GUI.png,,,,,,,,,,
GBS,https://gstatic.olympics.com/s3/noc/oly/3x2/GBS.png,,,,,,,,,,
GUY,https://gstatic.olympics.com/s3/noc/oly/3x2/GUY.png,,,,,,,,,,
HAI,https://gstatic.olympics.com/s3/noc/oly/3x2/HAI.png,,,,,,,,,,
HON,https://gstatic.olympics.com/s3/noc/oly/3x2/HON.png,,,,,,,,,,
HKG,https://gstatic.olympics.com/s3/noc/oly/3x2/HKG.png,,,,,,,,,,
HUN,https://gstatic.olympics.com/s3/noc/oly/3x2/HUN.png,,,,,,,,,,
ISL,https://gstatic.olympics.com/s3/noc/oly/3x2/ISL.png,,,,,,,,,,
IND,https://gstatic.olympics.com/s3/noc/oly/3x2/IND.png,,,,,,,,,,
INA,https://gstatic.olympics.com/s3/noc/oly/3x2/INA.png,,,,,,,,,,
IRI,https://gstatic.olympics.com/s3/noc/oly/3x2/IRI.png,,,,,,,,,,
IRQ,https://gstatic.olympics.com/s3/noc/oly/3x2/IRQ.png,,,,,,,,,,
IRL,https://gstatic.olympics.com/s3/noc/oly/3x2/IRL.png,,,,,,,,,,
ISR,https://gstatic.olympics.com/s3/noc/oly/3x2/ISR.png,,,,,,,,,,
ITA,https://gstatic.olympics.com/s3/noc/oly/3x2/ITA.png,,,,,,,,,,
JAM,https://gstatic.olympics.com/s3/noc/oly/3x2/JAM.png,,,,,,,,,,
JPN,https://gstatic.olympics.com/s3/noc/oly/3x2/JPN.png,,,,,,,,,,
JOR,https://gstatic.olympics.com/s3/noc/oly/3x2/JOR.png,,,,,,,,,,
KAZ,https://gstatic.olympics.com/s3/noc/oly/3x2/KAZ.png,,,,,,,,,,
KEN,https://gstatic.olympics.com/s3/noc/oly/3x2/KEN.png,,,,,,,,,,
KIR,https://gstatic.olympics.com/s3/noc/oly/3x2/KIR.png,,,,,,,,,,
KOS,https://gstatic.olympics.com/s3/noc/oly/3x2/KOS.png,,,,,,,,,,
KUW,https://gstatic.olympics.com/s3/noc/oly/3x2/KUW.png,,,,,,,,,,
KGZ,https://gstatic.olympics.com/s3/noc/oly/3x2/KGZ.png,,,,,,,,,,
LAO,https://gstatic.olympics.com/s3/noc/oly/3x2/LAO.png,,,,,,,,,,
LAT,https://gstatic.olympics.com/s3/noc/oly/3x2/LAT.png,,,,,,,,,,
LBN,https://gstatic.olympics.com/s3/noc/oly/3x2/LBN.png,,,,,,,,,,
LES,https://gstatic.olympics.com/s3/noc/oly/3x2/LES.png,,,,,,,,,,
LBR,https://gstatic.olympics.com/s3/noc/oly/3x2/LBR.png,,,,,,,,,,
LBA,https://gstatic.olympics.com/s3/noc/oly/3x2/LBA.png,,,,,,,,,,
LIE,https://gstatic.olympics.com/s3/noc/oly/3x2/LIE.png,,,,,,,,,,
LTU,https://gstatic.olympics.com/s3/noc/oly/3x2/LTU.png,,,,,,,,,,
LUX,https://gstatic.olympics.com/s3/noc/oly/3x2/LUX.png,,,,,,,,,,
MAD,https://gstatic.olympics.com/s3/noc/oly/3x2/MAD.png,,,,,,,,,,
MAW,https://gstatic.olympics.com/s3/noc/oly/3x2/MAW.png,,,,,,,,,,
MAS,https://gstatic.olympics.com/s3/noc/oly/3x2/MAS.png,,,,,,,,,,
MDV,https://gstatic.olympics.com/s3/noc/oly/3x2/MDV.png,,,,,,,,,,
MLI,https://gstatic.olympics.com/s3/noc/oly/3x2/MLI.png,,,,,,,,,,
MLT,https://gstatic.olympics.com/s3/noc/oly/3x2/MLT.png,,,,,,,,,,
MHL,https://gstatic.olympics.com/s3/noc/oly/3x2/MHL.png,,,,,,,,,,
MTN,https://gstatic.olympics.com/s3/noc/oly/3x2/MTN.png,,,,,,,,,,
MRI,https://gstatic.olympics.com/s3/noc/oly/3x2/MRI.png,,,,,,,,,,
MEX,https://gstatic.olympics.com/s3/noc/oly/3x2/MEX.png,,,,,,,,,,
FSM,https://gstatic.olympics.com/s3/noc/oly/3x2/FSM.png,,,,,,,,,,
MDA,https://gstatic.olympics.com/s3/noc/oly/3x2/MDA.png,,,,,,,,,,
MON,https://gstatic.olympics.com/s3/noc/oly/3x2/MON.png,,,,,,,,,,
MGL,https://gstatic.olympics.com/s3/noc/oly/3x2/MGL.png,,,,,,,,,,
MNE,https://gstatic.olympics.com/s3/noc/oly/3x2/MNE.png,,,,,,,,,,
MAR,https://gstatic.olympics.com/s3/noc/oly/3x2/MAR.png,,,,,,,,,,
MOZ,https://gstatic.olympics.com/s3/noc/oly/3x2/MOZ.png,,,,,,,,,,
MYA,https://gstatic.olympics.com/s3/noc/oly/3x2/MYA.png,,,,,,,,,,
NAM,https://gstatic.olympics.com/s3/noc/oly/3x2/NAM.png,,,,,,,,,,
NRU,https://gstatic.olympics.com/s3/noc/oly/3x2/NRU.png,,,,,,,,,,
NEP,https://gstatic.olympics.com/s3/noc/oly/3x2/NEP.png,,,,,,,,,,
NED,https://gstatic.olympics.com/s3/noc/oly/3x2/NED.png,,,,,,,,,,
NZL,https://gstatic.olympics.com/s3/noc/oly/3x2/NZL.png,,,,,,,,,,
NCA,https://gstatic.olympics.com/s3/noc/oly/3x2/NCA.png,,,,,,,,,,
NIG,https://gstatic.olympics.com/s3/noc/oly/3x2/NIG.png,,,,,,,,,,
NGR,https://gstatic.olympics.com/s3/noc/oly/3x2/NGR.png,,,,,,,,,,
PRK,https://gstatic.olympics.com/s3/noc/oly/3x2/PRK.png,,,,,,,,,,
MKD,https://gstatic.olympics.com/s3/noc/oly/3x2/MKD.png,,,,,,,,,,
NOR,https://gstatic.olympics.com/s3/noc/oly/3x2/NOR.png,,,,,,,,,,
OMA,https://gstatic.olympics.com/s3/noc/oly/3x2/OMA.png,,,,,,,,,,
PAK,https://gstatic.olympics.com/s3/noc/oly/3x2/PAK.png,,,,,,,,,,
PLW,https://gstatic.olympics.com/s3/noc/oly/3x2/PLW.png,,,,,,,,,,
PLE,https://gstatic.olympics.com/s3/noc/oly/3x2/PLE.png,,,,,,,,,,
PAN,https://gstatic.olympics.com/s3/noc/oly/3x2/PAN.png,,,,,,,,,,
PNG,https://gstatic.olympics.com/s3/noc/oly/3x2/PNG.png,,,,,,,,,,
PAR,https://gstatic.olympics.com/s3/noc/oly/3x2/PAR.png,,,,,,,,,,
PER,https://gstatic.olympics.com/s3/noc/oly/3x2/PER.png,,,,,,,,,,
PHI,https://gstatic.olympics.com/s3/noc/oly/3x2/PHI.png,,,,,,,,,,
POL,https://gstatic.olympics.com/s3/noc/oly/3x2/POL.png,,,,,,,,,,
POR,https://gstatic.olympics.com/s3/noc/oly/3x2/POR.png,,,,,,,,,,
PUR,https://gstatic.olympics.com/s3/noc/oly/3x2/PUR.png,,,,,,,,,,
QAT,https://gstatic.olympics.com/s3/noc/oly/3x2/QAT.png,,,,,,,,,,
ROU,https://gstatic.olympics.com/s3/noc/oly/3x2/ROU.png,,,,,,,,,,
RWA,https://gstatic.olympics.com/s3/noc/oly/3x2/RWA.png,,,,,,,,,,
KNA,https://gstatic.olympics.com/s3/noc/oly/3x2/KNA.png,,,,,,,,,,
LCA,https://gstatic.olympics.com/s3/noc/oly/3x2/LCA.png,,,,,,,,,,
VIN,https://gstatic.olympics.com/s3/noc/oly/3x2/VIN.png,,,,,,,,,,
SAM,https://gstatic.olympics.com/s3/noc/oly/3x2/SAM.png,,,,,,,,,,
SMR,https://gstatic.olympics.com/s3/noc/oly/3x2/SMR.png,,,,,,,,,,
STP,https://gstatic.olympics.com/s3/noc/oly/3x2/STP.png,,,,,,,,,,
KSA,https://gstatic.olympics.com/s3/noc/oly/3x2/KSA.png,,,,,,,,,,
SEN,https://gstatic.olympics.com/s3/noc/oly/3x2/SEN.png,,,,,,,,,,
SRB,https://gstatic.olympics.com/s3/noc/oly/3x2/SRB.png,,,,,,,,,,
SEY,https://gstatic.olympics.com/s3/noc/oly/3x2/SEY.png,,,,,,,,,,
SLE,https://gstatic.olympics.com/s3/noc/oly/3x2/SLE.png,,,,,,,,,,
SGP,https://gstatic.olympics.com/s3/noc/oly/3x2/SGP.png,,,,,,,,,,
SVK,https://gstatic.olympics.com/s3/noc/oly/3x2/SVK.png,,,,,,,,,,
SLO,https://gstatic.olympics.com/s3/noc/oly/3x2/SLO.png,,,,,,,,,,
SOL,https://gstatic.olympics.com/s3/noc/oly/3x2/SOL.png,,,,,,,,,,
SOM,https://gstatic.olympics.com/s3/noc/oly/3x2/SOM.png,,,,,,,,,,
RSA,https://gstatic.olympics.com/s3/noc/oly/3x2/RSA.png,,,,,,,,,,
KOR,https://gstatic.olympics.com/s3/noc/oly/3x2/KOR.png,,,,,,,,,,
SSD,https://gstatic.olympics.com/s3/noc/oly/3x2/SSD.png,,,,,,,,,,
ESP,https://gstatic.olympics.com/s3/noc/oly/3x2/ESP.png,,,,,,,,,,
SRI,https://gstatic.olympics.com/s3/noc/oly/3x2/SRI.png,,,,,,,,,,
SUD,https://gstatic.olympics.com/s3/noc/oly/3x2/SUD.png,,,,,,,,,,
SUR,https://gstatic.olympics.com/s3/noc/oly/3x2/SUR.png,,,,,,,,,,
SWE,https://gstatic.olympics.com/s3/noc/oly/3x2/SWE.png,,,,,,,,,,
SUI,https://gstatic.olympics.com/s3/noc/oly/3x2/SUI.png,,,,,,,,,,
SYR,https://gstatic.olympics.com/s3/noc/oly/3x2/SYR.png,,,,,,,,,,
TJK,https://gstatic.olympics.com/s3/noc/oly/3x2/TJK.png,,,,,,,,,,
TAN,https://gstatic.olympics.com/s3/noc/oly/3x2/TAN.png,,,,,,,,,,
THA,https://gstatic.olympics.com/s3/noc/oly/3x2/THA.png,,,,,,,,,,
TLS,https://gstatic.olympics.com/s3/noc/oly/3x2/TLS.png,,,,,,,,,,
TOG,https://gstatic.olympics.com/s3/noc/oly/3x2/TOG.png,,,,,,,,,,
TGA,https://gstatic.olympics.com/s3/noc/oly/3x2/TGA.png,,,,,,,,,,
TTO,https://gstatic.olympics.com/s3/noc/oly/3x2/TTO.png,,,,,,,,,,
TUN,https://gstatic.olympics.com/s3/noc/oly/3x2/TUN.png,,,,,,,,,,
TUR,https://gstatic.olympics.com/s3/noc/oly/3x2/TUR.png,,,,,,,,,,
TKM,https://gstatic.olympics.com/s3/noc/oly/3x2/TKM.png,,,,,,,,,,
TUV,https://gstatic.olympics.com/s3/noc/oly/3x2/TUV.png,,,,,,,,,,
UGA,https://gstatic.olympics.com/s3/noc/oly/3x2/UGA.png,,,,,,,,,,
UKR,https://gstatic.olympics.com/s3/noc/oly/3x2/UKR.png,,,,,,,,,,
UAE,https://gstatic.olympics.com/s3/noc/oly/3x2/UAE.png,,,,,,,,,,
USA,https://gstatic.olympics.com/s3/noc/oly/3x2/USA.png,,,,,,,,,,
URU,https://gstatic.olympics.com/s3/noc/oly/3x2/URU.png,,,,,,,,,,
UZB,https://gstatic.olympics.com/s3/noc/oly/3x2/UZB.png,,,,,,,,,,
VAN,https://gstatic.olympics.com/s3/noc/oly/3x2/VAN.png,,,,,,,,,,
VEN,https://gstatic.olympics.com/s3/noc/oly/3x2/VEN.png,,,,,,,,,,
VIE,https://gstatic.olympics.com/s3/noc/oly/3x2/VIE.png,,,,,,,,,,
ISV,https://gstatic.olympics.com/s3/noc/oly/3x2/ISV.png,,,,,,,,,,
YEM,https://gstatic.olympics.com/s3/noc/oly/3x2/YEM.png,,,,,,,,,,
ZAM,https://gstatic.olympics.com/s3/noc/oly/3x2/ZAM.png,,,,,,,,,,
ZIM,https://gstatic.olympics.com/s3/noc/oly/3x2/ZIM.png,,,,,,,,,,
